{
	"A1'":[
		[
			1.0
		],
		[
			1.0
		],
		[
			1.0
		],
		[
			1.0
		],
		[
			1.0
		],
		[
			1.0
		],
		[
			1.0
		],
		[
			1.0
		],
		[
			1.0
		],
		[
			1.0
		],
		[
			1.0
		],
		[
			1.0
		]
	],
	"A2'":[
		[
			1.0
		],
		[
			1.0
		],
		[
			1.0
		],
		[
			1.0
		],
		[
			-1.0
		],
		[
			-1.0
		],
		[
			-1.0
		],
		[
			1.0
		],
		[
			1.0
		],
		[
			-1.0
		],
		[
			-1.0
		],
		[
			-1.0
		]
	],
	"E'":[
		[
			0.0
		],
		[
			0.0
		],
		[
			0.3660254037844386
		],
		[
			-1.3660254037844386
		],
		[
			-1.0
		],
		[
			-0.4330127018922193
		],
		[
			0.4330127018922193
		],
		[
			0.3660254037844386
		],
		[
			-1.3660254037844386
		],
		[
			-1.0
		],
		[
			-0.4330127018922193
		],
		[
			0.4330127018922193
		]
	],
	"A1''":[
		[
			1.0
		],
		[
			-1.0
		],
		[
			1.0
		],
		[
			1.0
		],
		[
			-1.0
		],
		[
			-1.0
		],
		[
			-1.0
		],
		[
			-1.0
		],
		[
			-1.0
		],
		[
			1.0
		],
		[
			1.0
		],
		[
			1.0
		]
	],
	"E''":[
		[
			[
				1.0,
				0.0
			],
			[
				0.0,
				1.0
			]
		],
		[
			[
				-1.0,
				0.0
			],
			[
				0.0,
				-1.0
			]
		],
		[
			[
				-0.5,
				-0.8660254037844386
			],
			[
				0.8660254037844386,
				-0.5
			]
		],
		[
			[
				-0.5,
				0.8660254037844386
			],
			[
				-0.8660254037844386,
				-0.5
			]
		],
		[
			[
				1.0,
				0.0
			],
			[
				0.0,
				-1.0
			]
		],
		[
			[
				-0.5,
				-0.8660254037844386
			],
			[
				-0.8660254037844386,
				0.5
			]
		],
		[
			[
				-0.5,
				0.8660254037844386
			],
			[
				0.8660254037844386,
				0.5
			]
		],
		[
			[
				0.5,
				0.8660254037844386
			],
			[
				-0.8660254037844386,
				0.5
			]
		],
		[
			[
				0.5,
				-0.8660254037844386
			],
			[
				0.8660254037844386,
				0.5
			]
		],
		[
			[
				-1.0,
				0.0
			],
			[
				0.0,
				1.0
			]
		],
		[
			[
				0.5,
				0.8660254037844386
			],
			[
				0.8660254037844386,
				-0.5
			]
		],
		[
			[
				0.5,
				-0.8660254037844386
			],
			[
				-0.8660254037844386,
				-0.5
			]
		]
	]
}