{
	"A1":[
		[
			1.0
		],
		[
			1.0
		],
		[
			1.0
		],
		[
			1.0
		],
		[
			1.0
		],
		[
			1.0
		],
		[
			1.0
		],
		[
			1.0
		],
		[
			1.0
		],
		[
			1.0
		],
		[
			1.0
		],
		[
			1.0
		],
		[
			1.0
		],
		[
			1.0
		],
		[
			1.0
		],
		[
			1.0
		]
	],
	"A2":[
		[
			1.0
		],
		[
			1.0
		],
		[
			1.0
		],
		[
			1.0
		],
		[
			1.0
		],
		[
			1.0
		],
		[
			1.0
		],
		[
			1.0
		],
		[
			-1.0
		],
		[
			-1.0
		],
		[
			-1.0
		],
		[
			-1.0
		],
		[
			-1.0
		],
		[
			-1.0
		],
		[
			-1.0
		],
		[
			-1.0
		]
	],
	"B1":[
		[
			1.0
		],
		[
			1.0
		],
		[
			1.0
		],
		[
			1.0
		],
		[
			-1.0
		],
		[
			-1.0
		],
		[
			-1.0
		],
		[
			-1.0
		],
		[
			1.0
		],
		[
			1.0
		],
		[
			1.0
		],
		[
			1.0
		],
		[
			-1.0
		],
		[
			-1.0
		],
		[
			-1.0
		],
		[
			-1.0
		]
	],
	"B2":[
		[
			1.0
		],
		[
			1.0
		],
		[
			1.0
		],
		[
			1.0
		],
		[
			-1.0
		],
		[
			-1.0
		],
		[
			-1.0
		],
		[
			-1.0
		],
		[
			-1.0
		],
		[
			-1.0
		],
		[
			-1.0
		],
		[
			-1.0
		],
		[
			1.0
		],
		[
			1.0
		],
		[
			1.0
		],
		[
			1.0
		]
	],
	"E1":[
		[
			[
				1.0,
				0.0
			],
			[
				0.0,
				1.0
			]
		],
		[
			[
				0.0,
				-1.0
			],
			[
				1.0,
				0.0
			]
		],
		[
			[
				-1.0,
				0.0
			],
			[
				0.0,
				-1.0
			]
		],
		[
			[
				0.0,
				1.0
			],
			[
				-1.0,
				0.0
			]
		],
		[
			[
				0.7071067811865475,
				-0.7071067811865475
			],
			[
				0.7071067811865475,
				0.7071067811865475
			]
		],
		[
			[
				-0.7071067811865475,
				-0.7071067811865475
			],
			[
				0.7071067811865475,
				-0.7071067811865475
			]
		],
		[
			[
				-0.7071067811865475,
				0.7071067811865475
			],
			[
				-0.7071067811865475,
				-0.7071067811865475
			]
		],
		[
			[
				0.7071067811865475,
				0.7071067811865475
			],
			[
				-0.7071067811865475,
				0.7071067811865475
			]
		],
		[
			[
				1.0,
				0.0
			],
			[
				0.0,
				-1.0
			]
		],
		[
			[
				-1.0,
				0.0
			],
			[
				0.0,
				1.0
			]
		],
		[
			[
				0.0,
				1.0
			],
			[
				1.0,
				0.0
			]
		],
		[
			[
				0.0,
				-1.0
			],
			[
				-1.0,
				0.0
			]
		],
		[
			[
				0.7071067811865475,
				0.7071067811865475
			],
			[
				0.7071067811865475,
				-0.7071067811865475
			]
		],
		[
			[
				-0.7071067811865475,
				0.7071067811865475
			],
			[
				0.7071067811865475,
				0.7071067811865475
			]
		],
		[
			[
				-0.7071067811865475,
				-0.7071067811865475
			],
			[
				-0.7071067811865475,
				0.7071067811865475
			]
		],
		[
			[
				0.7071067811865475,
				-0.7071067811865475
			],
			[
				-0.7071067811865475,
				-0.7071067811865475
			]
		]
	],
	"E2":[
		[
			[
				1.0,
				0.0
			],
			[
				0.0,
				1.0
			]
		],
		[
			[
				-1.0,
				0.0
			],
			[
				0.0,
				-1.0
			]
		],
		[
			[
				1.0,
				0.0
			],
			[
				0.0,
				1.0
			]
		],
		[
			[
				-1.0,
				0.0
			],
			[
				0.0,
				-1.0
			]
		],
		[
			[
				0.0,
				-1.0
			],
			[
				1.0,
				0.0
			]
		],
		[
			[
				0.0,
				1.0
			],
			[
				-1.0,
				0.0
			]
		],
		[
			[
				0.0,
				-1.0
			],
			[
				1.0,
				0.0
			]
		],
		[
			[
				0.0,
				1.0
			],
			[
				-1.0,
				0.0
			]
		],
		[
			[
				1.0,
				0.0
			],
			[
				0.0,
				-1.0
			]
		],
		[
			[
				1.0,
				0.0
			],
			[
				0.0,
				-1.0
			]
		],
		[
			[
				-1.0,
				0.0
			],
			[
				0.0,
				1.0
			]
		],
		[
			[
				-1.0,
				0.0
			],
			[
				0.0,
				1.0
			]
		],
		[
			[
				0.0,
				1.0
			],
			[
				1.0,
				0.0
			]
		],
		[
			[
				0.0,
				-1.0
			],
			[
				-1.0,
				0.0
			]
		],
		[
			[
				0.0,
				1.0
			],
			[
				1.0,
				0.0
			]
		],
		[
			[
				0.0,
				-1.0
			],
			[
				-1.0,
				0.0
			]
		]
	],
	"E3":[
		[
			[
				1.0,
				0.0
			],
			[
				0.0,
				1.0
			]
		],
		[
			[
				0.0,
				-1.0
			],
			[
				1.0,
				0.0
			]
		],
		[
			[
				-1.0,
				0.0
			],
			[
				0.0,
				-1.0
			]
		],
		[
			[
				0.0,
				1.0
			],
			[
				-1.0,
				0.0
			]
		],
		[
			[
				-0.7071067811865475,
				0.7071067811865475
			],
			[
				-0.7071067811865475,
				-0.7071067811865475
			]
		],
		[
			[
				0.7071067811865475,
				0.7071067811865475
			],
			[
				-0.7071067811865475,
				0.7071067811865475
			]
		],
		[
			[
				0.7071067811865475,
				-0.7071067811865475
			],
			[
				0.7071067811865475,
				0.7071067811865475
			]
		],
		[
			[
				-0.7071067811865475,
				-0.7071067811865475
			],
			[
				0.7071067811865475,
				-0.7071067811865475
			]
		],
		[
			[
				1.0,
				0.0
			],
			[
				0.0,
				-1.0
			]
		],
		[
			[
				-1.0,
				0.0
			],
			[
				0.0,
				1.0
			]
		],
		[
			[
				0.0,
				1.0
			],
			[
				1.0,
				0.0
			]
		],
		[
			[
				0.0,
				-1.0
			],
			[
				-1.0,
				0.0
			]
		],
		[
			[
				-0.7071067811865475,
				-0.7071067811865475
			],
			[
				-0.7071067811865475,
				0.7071067811865475
			]
		],
		[
			[
				0.7071067811865475,
				-0.7071067811865475
			],
			[
				-0.7071067811865475,
				-0.7071067811865475
			]
		],
		[
			[
				0.7071067811865475,
				0.7071067811865475
			],
			[
				0.7071067811865475,
				-0.7071067811865475
			]
		],
		[
			[
				-0.7071067811865475,
				0.7071067811865475
			],
			[
				0.7071067811865475,
				0.7071067811865475
			]
		]
	]
}