{
	"A1":[
		[
			1.0
		],
		[
			1.0
		],
		[
			1.0
		],
		[
			1.0
		],
		[
			1.0
		],
		[
			1.0
		],
		[
			1.0
		],
		[
			1.0
		],
		[
			1.0
		],
		[
			1.0
		],
		[
			1.0
		],
		[
			1.0
		]
	],
	"A2":[
		[
			1.0
		],
		[
			1.0
		],
		[
			1.0
		],
		[
			1.0
		],
		[
			1.0
		],
		[
			1.0
		],
		[
			-1.0
		],
		[
			-1.0
		],
		[
			-1.0
		],
		[
			-1.0
		],
		[
			-1.0
		],
		[
			-1.0
		]
	],
	"B1":[
		[
			1.0
		],
		[
			-1.0
		],
		[
			1.0
		],
		[
			-1.0
		],
		[
			1.0
		],
		[
			-1.0
		],
		[
			1.0
		],
		[
			1.0
		],
		[
			1.0
		],
		[
			-1.0
		],
		[
			-1.0
		],
		[
			-1.0
		]
	],
	"B2":[
		[
			1.0
		],
		[
			-1.0
		],
		[
			1.0
		],
		[
			-1.0
		],
		[
			1.0
		],
		[
			-1.0
		],
		[
			-1.0
		],
		[
			-1.0
		],
		[
			-1.0
		],
		[
			1.0
		],
		[
			1.0
		],
		[
			1.0
		]
	],
	"E1":[
		[
			[
				1.0,
				0.0
			],
			[
				0.0,
				1.0
			]
		],
		[
			[
				0.5,
				-0.8660254037844386
			],
			[
				0.4330127018922193
			]
		],
		[
			[
				-0.5,
				-0.8660254037844386
			],
			[
				0.3660254037844386
			]
		],
		[
			[
				-1.0,
				0.0
			],
			[
				0.0,
				-1.0
			]
		],
		[
			[
				-0.5,
				0.8660254037844386
			],
			[
				-0.8660254037844386,
				-0.5
			]
		],
		[
			[
				0.5,
				0.8660254037844386
			],
			[
				-0.8660254037844386,
				0.5
			]
		],
		[
			[
				1.0,
				0.0
			],
			[
				0.0,
				-1.0
			]
		],
		[
			[
				-0.5,
				0.8660254037844386
			],
			[
				0.8660254037844386,
				0.5
			]
		],
		[
			[
				-0.5,
				-0.8660254037844386
			],
			[
				-0.8660254037844386,
				0.5
			]
		],
		[
			[
				0.5,
				0.8660254037844386
			],
			[
				0.8660254037844386,
				-0.5
			]
		],
		[
			[
				-1.0,
				0.0
			],
			[
				0.0,
				1.0
			]
		],
		[
			[
				0.5,
				-0.8660254037844386
			],
			[
				-0.8660254037844386,
				-0.5
			]
		]
	],
	"E2":[
		[
			[
				1.0,
				0.0
			],
			[
				0.0,
				1.0
			]
		],
		[
			[
				-0.5,
				0.8660254037844386
			],
			[
				-0.8660254037844386,
				-0.5
			]
		],
		[
			[
				-0.5,
				-0.8660254037844386
			],
			[
				0.8660254037844386,
				-0.5
			]
		],
		[
			[
				1.0,
				0.0
			],
			[
				0.0,
				1.0
			]
		],
		[
			[
				-0.5,
				0.8660254037844386
			],
			[
				-0.8660254037844386,
				-0.5
			]
		],
		[
			[
				-0.5,
				-0.8660254037844386
			],
			[
				0.8660254037844386,
				-0.5
			]
		],
		[
			[
				-1.0,
				0.0
			],
			[
				0.0,
				1.0
			]
		],
		[
			[
				0.5,
				-0.8660254037844386
			],
			[
				-0.8660254037844386,
				-0.5
			]
		],
		[
			[
				0.5,
				0.8660254037844386
			],
			[
				0.3660254037844386
			]
		],
		[
			[
				0.5,
				0.8660254037844386
			],
			[
				0.8660254037844386,
				-0.5
			]
		],
		[
			[
				-1.0,
				0.0
			],
			[
				0.0,
				1.0
			]
		],
		[
			[
				0.5,
				-0.8660254037844386
			],
			[
				-0.8660254037844386,
				-0.5
			]
		]
	]
}