{
	"A1g":[
		[
			1.0
		],
		[
			1.0
		],
		[
			1.0
		],
		[
			1.0
		],
		[
			1.0
		],
		[
			1.0
		],
		[
			1.0
		],
		[
			1.0
		],
		[
			1.0
		],
		[
			1.0
		],
		[
			1.0
		],
		[
			1.0
		]
	],
	"A2g":[
		[
			1.0
		],
		[
			1.0
		],
		[
			1.0
		],
		[
			1.0
		],
		[
			1.0
		],
		[
			1.0
		],
		[
			-1.0
		],
		[
			-1.0
		],
		[
			-1.0
		],
		[
			-1.0
		],
		[
			-1.0
		],
		[
			-1.0
		]
	],
	"Eg":[
		[
			[
				1.0,
				0.0
			],
			[
				0.0,
				1.0
			]
		],
		[
			[
				1.0,
				0.0
			],
			[
				0.0,
				1.0
			]
		],
		[
			[
				-0.5,
				-0.8660254037844386
			],
			[
				0.8660254037844386,
				-0.5
			]
		],
		[
			[
				-0.5,
				0.8660254037844386
			],
			[
				-0.8660254037844386,
				-0.5
			]
		],
		[
			[
				-0.5,
				0.8660254037844386
			],
			[
				-0.8660254037844386,
				-0.5
			]
		],
		[
			[
				-0.5,
				-0.8660254037844386
			],
			[
				0.8660254037844386,
				-0.5
			]
		],
		[
			[
				1.0,
				0.0
			],
			[
				0.0,
				-1.0
			]
		],
		[
			[
				-0.5,
				-0.8660254037844386
			],
			[
				-0.8660254037844386,
				0.5
			]
		],
		[
			[
				-0.5,
				0.8660254037844386
			],
			[
				0.8660254037844386,
				0.5
			]
		],
		[
			[
				-0.5,
				-0.8660254037844386
			],
			[
				-0.8660254037844386,
				0.5
			]
		],
		[
			[
				1.0,
				0.0
			],
			[
				0.0,
				-1.0
			]
		],
		[
			[
				-0.5,
				0.8660254037844386
			],
			[
				0.8660254037844386,
				0.5
			]
		]
	],
	"A1u":[
		[
			1.0
		],
		[
			-1.0
		],
		[
			1.0
		],
		[
			1.0
		],
		[
			-1.0
		],
		[
			-1.0
		],
		[
			1.0
		],
		[
			1.0
		],
		[
			1.0
		],
		[
			-1.0
		],
		[
			-1.0
		],
		[
			-1.0
		]
	],
	"A2u":[
		[
			1.0
		],
		[
			-1.0
		],
		[
			1.0
		],
		[
			1.0
		],
		[
			-1.0
		],
		[
			-1.0
		],
		[
			-1.0
		],
		[
			-1.0
		],
		[
			-1.0
		],
		[
			1.0
		],
		[
			1.0
		],
		[
			1.0
		]
	],
	"Eu":[
		[
			[
				1.0,
				0.0
			],
			[
				0.0,
				1.0
			]
		],
		[
			[
				-1.0,
				0.0
			],
			[
				0.0,
				-1.0
			]
		],
		[
			[
				-0.5,
				-0.8660254037844386
			],
			[
				0.8660254037844386,
				-0.5
			]
		],
		[
			[
				-0.5,
				0.8660254037844386
			],
			[
				-0.8660254037844386,
				-0.5
			]
		],
		[
			[
				0.5,
				-0.8660254037844386
			],
			[
				0.8660254037844386,
				0.5
			]
		],
		[
			[
				0.5,
				0.8660254037844386
			],
			[
				-0.8660254037844386,
				0.5
			]
		],
		[
			[
				1.0,
				0.0
			],
			[
				0.0,
				-1.0
			]
		],
		[
			[
				-0.5,
				-0.8660254037844386
			],
			[
				-0.8660254037844386,
				0.5
			]
		],
		[
			[
				-0.5,
				0.8660254037844386
			],
			[
				0.8660254037844386,
				0.5
			]
		],
		[
			[
				0.5,
				0.8660254037844386
			],
			[
				0.8660254037844386,
				-0.5
			]
		],
		[
			[
				-1.0,
				0.0
			],
			[
				0.0,
				1.0
			]
		],
		[
			[
				0.5,
				-0.8660254037844386
			],
			[
				-0.8660254037844386,
				-0.5
			]
		]
	]
}