{
	"A1g":[
		[
			1.0
		],
		[
			1.0
		],
		[
			1.0
		],
		[
			1.0
		],
		[
			1.0
		],
		[
			1.0
		],
		[
			1.0
		],
		[
			1.0
		],
		[
			1.0
		],
		[
			1.0
		],
		[
			1.0
		],
		[
			1.0
		],
		[
			1.0
		],
		[
			1.0
		],
		[
			1.0
		],
		[
			1.0
		],
		[
			1.0
		],
		[
			1.0
		],
		[
			1.0
		],
		[
			1.0
		]
	],
	"A2g":[
		[
			1.0
		],
		[
			1.0
		],
		[
			1.0
		],
		[
			1.0
		],
		[
			1.0
		],
		[
			1.0
		],
		[
			1.0
		],
		[
			1.0
		],
		[
			1.0
		],
		[
			1.0
		],
		[
			-1.0
		],
		[
			-1.0
		],
		[
			-1.0
		],
		[
			-1.0
		],
		[
			-1.0
		],
		[
			-1.0
		],
		[
			-1.0
		],
		[
			-1.0
		],
		[
			-1.0
		],
		[
			-1.0
		]
	],
	"E1g":[
		[
			[
				1.0,
				0.0
			],
			[
				0.0,
				1.0
			]
		],
		[
			[
				1.0,
				0.0
			],
			[
				0.0,
				1.0
			]
		],
		[
			[
				0.30901699437494745,
				-0.9510565162951535
			],
			[
				0.9510565162951535,
				0.30901699437494745
			]
		],
		[
			[
				-0.8090169943749475,
				-0.5877852522924731
			],
			[
				0.5877852522924731,
				-0.8090169943749475
			]
		],
		[
			[
				-0.8090169943749475,
				0.5877852522924731
			],
			[
				-0.5877852522924731,
				-0.8090169943749475
			]
		],
		[
			[
				0.30901699437494745,
				0.9510565162951535
			],
			[
				-0.9510565162951535,
				0.30901699437494745
			]
		],
		[
			[
				-0.8090169943749475,
				0.5877852522924731
			],
			[
				-0.5877852522924731,
				-0.8090169943749475
			]
		],
		[
			[
				0.30901699437494745,
				0.9510565162951535
			],
			[
				-0.9510565162951535,
				0.30901699437494745
			]
		],
		[
			[
				0.30901699437494745,
				-0.9510565162951535
			],
			[
				0.9510565162951535,
				0.30901699437494745
			]
		],
		[
			[
				-0.8090169943749475,
				-0.5877852522924731
			],
			[
				0.5877852522924731,
				-0.8090169943749475
			]
		],
		[
			[
				1.0,
				0.0
			],
			[
				0.0,
				-1.0
			]
		],
		[
			[
				-0.8090169943749475,
				0.5877852522924731
			],
			[
				0.5877852522924731,
				0.8090169943749475
			]
		],
		[
			[
				0.30901699437494745,
				-0.9510565162951535
			],
			[
				-0.9510565162951535,
				-0.30901699437494745
			]
		],
		[
			[
				0.30901699437494745,
				0.9510565162951535
			],
			[
				0.9510565162951535,
				-0.30901699437494745
			]
		],
		[
			[
				-0.8090169943749475,
				-0.5877852522924731
			],
			[
				-0.5877852522924731,
				0.8090169943749475
			]
		],
		[
			[
				-0.8090169943749475,
				-0.5877852522924731
			],
			[
				-0.5877852522924731,
				0.8090169943749475
			]
		],
		[
			[
				0.30901699437494745,
				-0.9510565162951535
			],
			[
				-0.9510565162951535,
				-0.30901699437494745
			]
		],
		[
			[
				1.0,
				0.0
			],
			[
				0.0,
				-1.0
			]
		],
		[
			[
				0.30901699437494745,
				0.9510565162951535
			],
			[
				0.9510565162951535,
				-0.30901699437494745
			]
		],
		[
			[
				-0.8090169943749475,
				0.5877852522924731
			],
			[
				0.5877852522924731,
				0.8090169943749475
			]
		]
	],
	"E2g":[
		[
			[
				1.0,
				0.0
			],
			[
				0.0,
				1.0
			]
		],
		[
			[
				1.0,
				0.0
			],
			[
				0.0,
				1.0
			]
		],
		[
			[
				-0.8090169943749475,
				-0.5877852522924731
			],
			[
				0.5877852522924731,
				-0.8090169943749475
			]
		],
		[
			[
				0.30901699437494745,
				0.9510565162951535
			],
			[
				-0.9510565162951535,
				0.30901699437494745
			]
		],
		[
			[
				0.30901699437494745,
				-0.9510565162951535
			],
			[
				0.9510565162951535,
				0.30901699437494745
			]
		],
		[
			[
				-0.8090169943749475,
				0.5877852522924731
			],
			[
				-0.5877852522924731,
				-0.8090169943749475
			]
		],
		[
			[
				0.30901699437494745,
				-0.9510565162951535
			],
			[
				0.9510565162951535,
				0.30901699437494745
			]
		],
		[
			[
				-0.8090169943749475,
				0.5877852522924731
			],
			[
				-0.5877852522924731,
				-0.8090169943749475
			]
		],
		[
			[
				-0.8090169943749475,
				-0.5877852522924731
			],
			[
				0.5877852522924731,
				-0.8090169943749475
			]
		],
		[
			[
				0.30901699437494745,
				0.9510565162951535
			],
			[
				-0.9510565162951535,
				0.30901699437494745
			]
		],
		[
			[
				1.0,
				0.0
			],
			[
				0.0,
				-1.0
			]
		],
		[
			[
				0.30901699437494745,
				-0.9510565162951535
			],
			[
				-0.9510565162951535,
				-0.30901699437494745
			]
		],
		[
			[
				-0.8090169943749475,
				-0.5877852522924731
			],
			[
				-0.5877852522924731,
				0.8090169943749475
			]
		],
		[
			[
				-0.8090169943749475,
				0.5877852522924731
			],
			[
				0.5877852522924731,
				0.8090169943749475
			]
		],
		[
			[
				0.30901699437494745,
				0.9510565162951535
			],
			[
				0.9510565162951535,
				-0.30901699437494745
			]
		],
		[
			[
				0.30901699437494745,
				0.9510565162951535
			],
			[
				0.9510565162951535,
				-0.30901699437494745
			]
		],
		[
			[
				-0.8090169943749475,
				-0.5877852522924731
			],
			[
				-0.5877852522924731,
				0.8090169943749475
			]
		],
		[
			[
				1.0,
				0.0
			],
			[
				0.0,
				-1.0
			]
		],
		[
			[
				-0.8090169943749475,
				0.5877852522924731
			],
			[
				0.5877852522924731,
				0.8090169943749475
			]
		],
		[
			[
				0.30901699437494745,
				-0.9510565162951535
			],
			[
				-0.9510565162951535,
				-0.30901699437494745
			]
		]
	],
	"A1u":[
		[
			1.0
		],
		[
			-1.0
		],
		[
			1.0
		],
		[
			1.0
		],
		[
			1.0
		],
		[
			1.0
		],
		[
			-1.0
		],
		[
			-1.0
		],
		[
			-1.0
		],
		[
			-1.0
		],
		[
			1.0
		],
		[
			1.0
		],
		[
			1.0
		],
		[
			1.0
		],
		[
			1.0
		],
		[
			-1.0
		],
		[
			-1.0
		],
		[
			-1.0
		],
		[
			-1.0
		],
		[
			-1.0
		]
	],
	"A2u":[
		[
			1.0
		],
		[
			-1.0
		],
		[
			1.0
		],
		[
			1.0
		],
		[
			1.0
		],
		[
			1.0
		],
		[
			-1.0
		],
		[
			-1.0
		],
		[
			-1.0
		],
		[
			-1.0
		],
		[
			-1.0
		],
		[
			-1.0
		],
		[
			-1.0
		],
		[
			-1.0
		],
		[
			-1.0
		],
		[
			1.0
		],
		[
			1.0
		],
		[
			1.0
		],
		[
			1.0
		],
		[
			1.0
		]
	],