{
	"A1":[
		[
			1.0
		],
		[
			1.0
		],
		[
			1.0
		],
		[
			1.0
		],
		[
			1.0
		],
		[
			1.0
		]
	],
	"A2":[
		[
			1.0
		],
		[
			1.0
		],
		[
			1.0
		],
		[
			-1.0
		],
		[
			-1.0
		],
		[
			-1.0
		]
	],
	"E":[
		[
			[
				1.0,
				0.0
			],
			[
				0.0,
				1.0
			]
		],
		[
			[
				-0.5,
				-0.8660254037844386
			],
			[
				0.8660254037844386,
				-0.5
			]
		],
		[
			[
				-0.5,
				0.8660254037844386
			],
			[
				-0.8660254037844386,
				-0.5
			]
		],
		[
			[
				1.0,
				0.0
			],
			[
				0.0,
				-1.0
			]
		],
		[
			[
				-0.5,
				-0.8660254037844386
			],
			[
				-0.8660254037844386,
				0.5
			]
		],
		[
			[
				-0.5,
				0.8660254037844386
			],
			[
				0.8660254037844386,
				0.5
			]
		]
	]
}