{
	"A1g":[
		[
			1.0
		],
		[
			1.0
		],
		[
			1.0
		],
		[
			1.0
		],
		[
			1.0
		],
		[
			1.0
		],
		[
			1.0
		],
		[
			1.0
		],
		[
			1.0
		],
		[
			1.0
		],
		[
			1.0
		],
		[
			1.0
		],
		[
			1.0
		],
		[
			1.0
		],
		[
			1.0
		],
		[
			1.0
		],
		[
			1.0
		],
		[
			1.0
		],
		[
			1.0
		],
		[
			1.0
		],
		[
			1.0
		],
		[
			1.0
		],
		[
			1.0
		],
		[
			1.0
		]
	],
	"A2g":[
		[
			1.0
		],
		[
			1.0
		],
		[
			1.0
		],
		[
			1.0
		],
		[
			1.0
		],
		[
			1.0
		],
		[
			1.0
		],
		[
			1.0
		],
		[
			-1.0
		],
		[
			-1.0
		],
		[
			-1.0
		],
		[
			-1.0
		],
		[
			-1.0
		],
		[
			-1.0
		],
		[
			1.0
		],
		[
			1.0
		],
		[
			1.0
		],
		[
			1.0
		],
		[
			-1.0
		],
		[
			-1.0
		],
		[
			-1.0
		],
		[
			-1.0
		],
		[
			-1.0
		],
		[
			-1.0
		]
	],
	"B1g":[
		[
			1.0
		],
		[
			-1.0
		],
		[
			1.0
		],
		[
			-1.0
		],
		[
			1.0
		],
		[
			-1.0
		],
		[
			1.0
		],
		[
			-1.0
		],
		[
			1.0
		],
		[
			1.0
		],
		[
			1.0
		],
		[
			-1.0
		],
		[
			-1.0
		],
		[
			-1.0
		],
		[
			1.0
		],
		[
			-1.0
		],
		[
			-1.0
		],
		[
			1.0
		],
		[
			-1.0
		],
		[
			-1.0
		],
		[
			-1.0
		],
		[
			1.0
		],
		[
			1.0
		],
		[
			1.0
		]
	],
	"B2g":[
		[
			1.0
		],
		[
			-1.0
		],
		[
			1.0
		],
		[
			-1.0
		],
		[
			1.0
		],
		[
			-1.0
		],
		[
			1.0
		],
		[
			-1.0
		],
		[
			-1.0
		],
		[
			-1.0
		],
		[
			-1.0
		],
		[
			1.0
		],
		[
			1.0
		],
		[
			1.0
		],
		[
			1.0
		],
		[
			-1.0
		],
		[
			-1.0
		],
		[
			1.0
		],
		[
			1.0
		],
		[
			1.0
		],
		[
			1.0
		],
		[
			-1.0
		],
		[
			-1.0
		],
		[
			-1.0
		]
	],
	"E1g":[
		[
			[
				1.0,
				0.0
			],
			[
				0.0,
				1.0
			]
		],
		[
			[
				-1.0,
				0.0
			],
			[
				0.0,
				-1.0
			]
		],
		[
			[
				1.0,
				0.0
			],
			[
				0.0,
				1.0
			]
		],
		[
			[
				0.5,
				-0.8660254037844386
			],
			[
				0.8660254037844386,
				0.5
			]
		],
		[
			[
				-0.5,
				-0.8660254037844386
			],
			[
				0.8660254037844386,
				-0.5
			]
		],
		[
			[
				-1.0,
				0.0
			],
			[
				0.0,
				-1.0
			]
		],
		[
			[
				-0.5,
				0.8660254037844386
			],
			[
				-0.8660254037844386,
				-0.5
			]
		],
		[
			[
				0.5,
				0.8660254037844386
			],
			[
				-0.8660254037844386,
				0.5
			]
		],
		[
			[
				1.0,
				0.0
			],
			[
				0.0,
				-1.0
			]
		],
		[
			[
				-0.5,
				0.8660254037844386
			],
			[
				0.8660254037844386,
				0.5
			]
		],
		[
			[
				-0.5,
				-0.8660254037844386
			],
			[
				-0.8660254037844386,
				0.5
			]
		],
		[
			[
				0.5,
				0.8660254037844386
			],
			[
				0.8660254037844386,
				-0.5
			]
		],
		[
			[
				-1.0,
				0.0
			],
			[
				0.0,
				1.0
			]
		],
		[
			[
				0.5,
				-0.8660254037844386
			],
			[
				-0.8660254037844386,
				-0.5
			]
		],
		[
			[
				-0.5,
				0.8660254037844386
			],
			[
				-0.8660254037844386,
				-0.5
			]
		],
		[
			[
				0.5,
				0.8660254037844386
			],
			[
				-0.8660254037844386,
				0.5
			]
		],
		[
			[
				0.5,
				-0.8660254037844386
			],
			[
				0.8660254037844386,
				0.5
			]
		],
		[
			[
				-0.5,
				-0.8660254037844386
			],
			[
				0.8660254037844386,
				-0.5
			]
		],
		[
			[
				-1.0,
				0.0
			],
			[
				0.0,
				1.0
			]
		],
		[
			[
				0.5,
				-0.8660254037844386
			],
			[
				-0.8660254037844386,
				-0.5
			]
		],
		[
			[
				0.5,
				0.8660254037844386
			],
			[
				0.8660254037844386,
				-0.5
			]
		],
		[
			[
				-0.5,
				-0.8660254037844386
			],
			[
				-0.8660254037844386,
				0.5
			]
		],
		[
			[
				1.0,
				0.0
			],
			[
				0.0,
				-1.0
			]
		],
		[
			[
				-0.5,
				0.8660254037844386
			],
			[
				0.8660254037844386,
				0.5
			]
		]
	],
	"E2g":[
		[
			[
				1.0,
				0.0
			],
			[
				0.0,
				1.0
			]
		],
		[
			[
				1.0,
				0.0
			],
			[
				0.0,
				1.0
			]
		],
		[
			[
				1.0,
				0.0
			],
			[
				0.0,
				1.0
			]
		],
		[
			[
				-0.5,
				0.8660254037844386
			],
			[
				-0.8660254037844386,
				-0.5
			]
		],
		[
			[
				-0.5,
				-0.8660254037844386
			],
			[
				0.8660254037844386,
				-0.5
			]
		],
		[
			[
				1.0,
				0.0
			],
			[
				0.0,
				1.0
			]
		],
		[
			[
				-0.5,
				0.8660254037844386
			],
			[
				-0.8660254037844386,
				-0.5
			]
		],
		[
			[
				-0.5,
				-0.8660254037844386
			],
			[
				0.8660254037844386,
				-0.5
			]
		],
		[
			[
				-1.0,
				0.0
			],
			[
				0.0,
				1.0
			]
		],
		[
			[
				0.5,
				-0.8660254037844386
			],
			[
				-0.8660254037844386,
				-0.5
			]
		],
		[
			[
				0.5,
				0.8660254037844386
			],
			[
				0.8660254037844386,
				-0.5
			]
		],
		[
			[
				0.5,
				0.8660254037844386
			],
			[
				0.8660254037844386,
				-0.5
			]
		],
		[
			[
				-1.0,
				0.0
			],
			[
				0.0,
				1.0
			]
		],
		[
			[
				0.5,
				-0.8660254037844386
			],
			[
				-0.8660254037844386,
				-0.5
			]
		],
		[
			[
				-0.5,
				0.8660254037844386
			],
			[
				-0.8660254037844386,
				-0.5
			]
		],
		[
			[
				-0.5,
				-0.8660254037844386
			],
			[
				0.8660254037844386,
				-0.5
			]
		],
		[
			[
				-0.5,
				0.8660254037844386
			],
			[
				-0.8660254037844386,
				-0.5
			]
		],
		[
			[
				-0.5,
				-0.8660254037844386
			],
			[
				0.8660254037844386,
				-0.5
			]
		],
		[
			[
				-1.0,
				0.0
			],
			[
				0.0,
				1.0
			]
		],
		[
			[
				0.5,
				-0.8660254037844386
			],
			[
				-0.8660254037844386,
				-0.5
			]
		],
		[
			[
				0.5,
				0.8660254037844386
			],
			[
				0.8660254037844386,
				-0.5
			]
		],
		[
			[
				0.5,
				0.8660254037844386
			],
			[
				0.8660254037844386,
				-0.5
			]
		],
		[
			[
				-1.0,
				0.0
			],
			[
				0.0,
				1.0
			]
		],
		[
			[
				0.5,
				-0.8660254037844386
			],
			[
				-1.3660254037844386
			]
		]
	],
	"A1u":[
		[
			1.0
		],
		[
			-1.0
		],
		[
			-1.0
		],
		[
			1.0
		],
		[
			1.0
		],
		[
			1.0
		],
		[
			1.0
		],
		[
			1.0
		],
		[
			1.0
		],
		[
			1.0
		],
		[
			1.0
		],
		[
			1.0
		],
		[
			1.0
		],
		[
			1.0
		],
		[
			-1.0
		],
		[
			-1.0
		],
		[
			-1.0
		],
		[
			-1.0
		],
		[
			-1.0
		],
		[
			-1.0
		],
		[
			-1.0
		],
		[
			-1.0
		],
		[
			-1.0
		],
		[
			-1.0
		]
	],
	"A2u":[
		[
			1.0
		],
		[
			-1.0
		],
		[
			-1.0
		],
		[
			1.0
		],
		[
			1.0
		],
		[
			1.0
		],
		[
			1.0
		],
		[
			1.0
		],
		[
			-1.0
		],
		[
			-1.0
		],
		[
			-1.0
		],
		[
			-1.0
		],
		[
			-1.0
		],
		[
			-1.0
		],
		[
			-1.0
		],
		[
			-1.0
		],
		[
			-1.0
		],
		[
			-1.0
		],
		[
			1.0
		],
		[
			1.0
		],
		[
			1.0
		],
		[
			1.0
		],
		[
			1.0
		],
		[
			1.0
		]
	],
	"B1u":[
		[
			1.0
		],
		[
			1.0
		],
		[
			-1.0
		],
		[
			-1.0
		],
		[
			1.0
		],
		[
			-1.0
		],
		[
			1.0
		],
		[
			-1.0
		],
		[
			1.0
		],
		[
			1.0
		],
		[
			1.0
		],
		[
			-1.0
		],
		[
			-1.0
		],
		[
			-1.0
		],
		[
			-1.0
		],
		[
			1.0
		],
		[
			1.0
		],
		[
			-1.0
		],
		[
			1.0
		],
		[
			1.0
		],
		[
			1.0
		],
		[
			-1.0
		],
		[
			-1.0
		],
		[
			-1.0
		]
	],
	"B2u":[
		[
			1.0
		],
		[
			1.0
		],
		[
			-1.0
		],
		[
			-1.0
		],
		[
			1.0
		],
		[
			-1.0
		],
		[
			1.0
		],
		[
			-1.0
		],
		[
			-1.0
		],
		[
			-1.0
		],
		[
			-1.0
		],
		[
			1.0
		],
		[
			1.0
		],
		[
			1.0
		],
		[
			-1.0
		],
		[
			1.0
		],
		[
			1.0
		],
		[
			-1.0
		],
		[
			-1.0
		],
		[
			-1.0
		],
		[
			-1.0
		],
		[
			1.0
		],
		[
			1.0
		],
		[
			1.0
		]
	],